{
  "horizons": {
    "2d": {
      "avg_directional_accuracy": 0.24662618083670712,
      "n_folds": 4,
      "min_accuracy": 0.0,
      "max_accuracy": 0.5128205128205128
    },
    "5d": {
      "avg_directional_accuracy": 0.4502867746288799,
      "n_folds": 4,
      "min_accuracy": 0.2564102564102564,
      "max_accuracy": 0.775
    },
    "10d": {
      "avg_directional_accuracy": 0.5157388663967611,
      "n_folds": 4,
      "min_accuracy": 0.3076923076923077,
      "max_accuracy": 0.725
    }
  }
}