{
  "horizons": {
    "2d": {
      "avg_directional_accuracy": 0.24746556871478684,
      "n_folds": 19,
      "min_accuracy": 0.0,
      "max_accuracy": 0.6774193548387096
    },
    "5d": {
      "avg_directional_accuracy": 0.4967847904337047,
      "n_folds": 19,
      "min_accuracy": 0.25,
      "max_accuracy": 0.8
    },
    "10d": {
      "avg_directional_accuracy": 0.47893592664893264,
      "n_folds": 19,
      "min_accuracy": 0.2,
      "max_accuracy": 0.675
    }
  }
}