{
  "horizon": "5d",
  "mean_ic": 0.007154976117109465,
  "ic_ir": 0.08988047245938983,
  "pct_positive_dates": 0.5290581162324649,
  "n_dates": 499,
  "bootstrap": {
    "n": 499,
    "block_size": 8,
    "n_resamples": 2000,
    "mean": 0.007155,
    "ci_low": 0.001223,
    "ci_high": 0.015416,
    "p_value_ge_0": 0.0095
  },
  "date_level": {
    "n_dates": 499,
    "mean_excess": 0.007155,
    "pct_dates_positive": 0.5291,
    "t_stat": 2.00777766832686,
    "t_pvalue": 0.0226,
    "wilcoxon_pvalue": 0.0402,
    "sign_test_pvalue": 0.105,
    "per_date_excess": [
      -0.05318,
      -0.08592,
      -0.128308,
      -0.138304,
      -0.050661,
      -0.067925,
      0.015783,
      -0.019731,
      -0.042358,
      -0.082654,
      -0.035843,
      -0.046851,
      -0.098428,
      -0.023183,
      0.069029,
      -0.078153,
      -0.035265,
      0.052558,
      -0.049155,
      0.000375,
      0.022354,
      -0.08895,
      0.012342,
      -0.063674,
      -0.072719,
      0.065583,
      0.055715,
      0.056525,
      0.033332,
      -0.055336,
      0.025503,
      -0.042154,
      0.00096,
      0.02191,
      0.001626,
      -0.062243,
      -0.00843,
      -0.055226,
      0.042664,
      0.018112,
      -0.015099,
      -0.008946,
      0.051366,
      0.03003,
      -0.012037,
      -0.094274,
      -0.043116,
      0.07687,
      0.059187,
      -0.067002,
      0.010179,
      0.029008,
      -0.003019,
      0.099699,
      0.066878,
      -0.057675,
      -0.108116,
      -0.243467,
      0.046295,
      0.027417,
      0.05094,
      -0.077409,
      -0.077748,
      -0.032298,
      0.097174,
      0.086947,
      -0.023128,
      -0.101027,
      0.002194,
      -0.027087,
      0.079926,
      -0.006675,
      0.056772,
      0.030865,
      -0.029419,
      0.038054,
      -0.01537,
      -0.041675,
      -0.022771,
      -0.020505,
      -7.7e-05,
      0.048487,
      -0.034797,
      0.070745,
      0.016249,
      -0.012432,
      -0.068416,
      0.042097,
      -0.107993,
      -0.028666,
      -0.075566,
      0.1363,
      0.003018,
      0.014126,
      0.052327,
      -0.051681,
      -0.123814,
      0.087203,
      0.05444,
      -0.029806,
      -0.008801,
      0.068779,
      -0.06345,
      0.030006,
      0.044571,
      -0.082524,
      0.022239,
      0.110087,
      0.033216,
      -0.068981,
      -0.038641,
      -0.000644,
      0.044539,
      0.058121,
      0.042214,
      0.019436,
      0.111987,
      0.128788,
      0.021855,
      -0.049183,
      0.076968,
      0.026701,
      0.013727,
      -0.136571,
      -0.169773,
      0.159677,
      -0.002166,
      -0.047933,
      -0.077247,
      0.038066,
      -0.038658,
      0.093795,
      -0.032088,
      0.008016,
      -0.074313,
      0.098365,
      0.176305,
      -0.040836,
      -0.018024,
      -0.063742,
      0.013525,
      0.073551,
      0.075329,
      0.031123,
      -0.015414,
      0.00536,
      0.024323,
      0.058411,
      -0.085898,
      -0.041763,
      -0.0834,
      0.018796,
      0.041753,
      0.025976,
      0.066356,
      -0.00194,
      0.0228,
      -0.019986,
      -0.079957,
      0.121296,
      -0.049857,
      -0.018505,
      0.053317,
      -0.027166,
      -0.049859,
      -0.000526,
      -0.058466,
      -0.050734,
      0.133697,
      -0.148527,
      0.207691,
      0.039162,
      0.113951,
      0.002317,
      -0.024835,
      -0.040876,
      0.087939,
      -0.037709,
      0.084595,
      0.044924,
      0.08421,
      0.001448,
      -0.120091,
      0.000634,
      0.039462,
      0.087494,
      -0.122869,
      0.034326,
      0.035242,
      0.012321,
      0.076876,
      -0.002757,
      -0.024001,
      0.012831,
      -0.051301,
      -0.084858,
      0.085457,
      -0.043471,
      0.36755,
      0.110451,
      0.403014,
      -0.104387,
      0.056371,
      0.202327,
      0.017518,
      0.093782,
      -0.379467,
      -0.098194,
      0.458674,
      0.050443,
      0.049745,
      -0.023029,
      0.017006,
      0.141983,
      0.039949,
      0.039068,
      -0.008233,
      -0.128546,
      0.061938,
      -0.021102,
      7.7e-05,
      0.022578,
      0.046972,
      0.070618,
      -0.023219,
      -0.014189,
      0.052087,
      -0.026061,
      0.048022,
      -0.001902,
      0.089774,
      -0.174121,
      -0.133763,
      0.027184,
      0.002316,
      0.048333,
      -0.019834,
      -0.078426,
      0.059561,
      -0.20599,
      0.155821,
      -0.036236,
      0.087685,
      -0.134761,
      -0.045203,
      -0.038475,
      -0.025902,
      -0.052458,
      0.008172,
      -0.03456,
      0.006274,
      0.025539,
      0.024167,
      -0.030891,
      0.039134,
      -0.057074,
      -0.028022,
      -0.124607,
      -0.075914,
      -0.034761,
      -0.052263,
      -0.013679,
      -0.008033,
      0.026264,
      0.012992,
      -0.01785,
      0.179526,
      -0.074382,
      0.041135,
      -0.022619,
      0.050466,
      0.008739,
      0.03671,
      0.026667,
      0.043124,
      -0.027862,
      0.061195,
      0.001356,
      0.009911,
      -0.109505,
      0.049648,
      0.090224,
      0.088101,
      -0.018387,
      -0.02273,
      0.047747,
      -0.085021,
      0.119999,
      -0.072283,
      -0.039595,
      0.142718,
      0.015507,
      0.00938,
      -0.029206,
      0.072713,
      -0.033732,
      -0.053017,
      -0.009698,
      -0.039716,
      -0.005922,
      0.052336,
      0.155285,
      0.064664,
      0.016416,
      0.018452,
      -0.019226,
      -0.020765,
      0.027147,
      -0.003009,
      0.137139,
      0.058351,
      0.044297,
      0.028901,
      -0.051851,
      0.041936,
      0.256952,
      0.073919,
      0.140019,
      -0.012674,
      0.045359,
      0.132677,
      -0.158953,
      0.069211,
      0.047453,
      0.046612,
      0.108455,
      0.13611,
      -0.021758,
      -0.078074,
      -0.021307,
      0.118635,
      0.035787,
      0.083891,
      -0.047018,
      0.018495,
      0.30152,
      0.079617,
      0.034086,
      0.070753,
      -0.172257,
      0.043589,
      -0.010472,
      -0.019818,
      -0.033286,
      -0.059946,
      -0.030315,
      0.068898,
      0.017607,
      0.042846,
      0.065119,
      -0.076095,
      -0.011409,
      -0.01736,
      0.124852,
      0.111041,
      0.184509,
      0.03279,
      -0.022146,
      0.077239,
      0.002961,
      -0.109816,
      -0.10395,
      -0.114978,
      -0.009924,
      -0.165504,
      -0.05072,
      0.017239,
      0.052868,
      0.143343,
      0.006338,
      0.002072,
      -0.121707,
      0.002647,
      -0.026036,
      -0.009842,
      -0.064507,
      0.028945,
      0.041421,
      0.000701,
      0.092966,
      -0.059811,
      -0.052767,
      0.050517,
      -0.001912,
      0.070275,
      0.07112,
      0.052446,
      0.082461,
      0.120944,
      0.088961,
      -0.092743,
      -0.000519,
      0.088337,
      -0.045378,
      0.039612,
      0.005652,
      -0.050651,
      -0.045511,
      0.13196,
      -0.079102,
      -0.063895,
      0.050617,
      -0.008981,
      0.100449,
      -0.046366,
      -0.020995,
      0.058003,
      0.028109,
      -0.043685,
      0.157618,
      -0.038953,
      0.012232,
      0.025386,
      0.000743,
      0.052071,
      0.024619,
      0.06135,
      -0.076218,
      0.049967,
      0.028256,
      -0.037192,
      0.035428,
      0.048237,
      0.107272,
      -0.017849,
      -0.028433,
      -0.073044,
      0.017729,
      0.103734,
      -0.100811,
      0.07745,
      -0.036098,
      -0.054912,
      0.083441,
      -0.031126,
      -0.06747,
      -0.035183,
      -0.013904,
      -0.066129,
      -0.115772,
      -0.001231,
      0.067739,
      0.045269,
      -0.058202,
      0.025527,
      -0.014022,
      0.100919,
      -0.122575,
      0.093203,
      0.076654,
      -0.000375,
      0.02544,
      -0.030849,
