{
  "horizon": "21d",
  "mean_ic": 0.004026844000008998,
  "ic_ir": 0.051195257793377316,
  "pct_positive_dates": 0.5120967741935484,
  "n_dates": 496,
  "bootstrap": {
    "n": 496,
    "block_size": 8,
    "n_resamples": 2000,
    "mean": 0.004027,
    "ci_low": -0.002948,
    "ci_high": 0.01247,
    "p_value_ge_0": 0.124
  },
  "date_level": {
    "n_dates": 496,
    "mean_excess": 0.004027,
    "pct_dates_positive": 0.5121,
    "t_stat": 1.1401725275514485,
    "t_pvalue": 0.1274,
    "wilcoxon_pvalue": 0.1389,
    "sign_test_pvalue": 0.3107,
    "per_date_excess": [
      -0.167699,
      -0.058803,
      -0.028727,
      0.055346,
      0.005694,
      -0.007131,
      0.027845,
      0.006657,
      -0.099626,
      -0.106296,
      -0.085742,
      -0.07382,
      -0.074128,
      -0.089405,
      0.043907,
      0.092206,
      0.019468,
      -0.025189,
      0.01845,
      0.021358,
      -0.01173,
      -0.037275,
      -0.140299,
      -0.056611,
      -0.086617,
      -0.079787,
      -0.010133,
      0.020733,
      0.038161,
      -0.020105,
      0.028181,
      0.033185,
      0.072644,
      0.056545,
      -0.085596,
      -0.032347,
      -0.010288,
      -0.104335,
      0.14654,
      -0.0443,
      0.054677,
      0.04363,
      0.134768,
      -0.000218,
      -0.044522,
      -0.148417,
      0.016448,
      0.041216,
      0.028093,
      0.041863,
      0.109217,
      -0.055114,
      -0.0344,
      0.037359,
      0.038126,
      0.022894,
      0.002269,
      -0.1146,
      -0.024771,
      -0.030463,
      -0.016944,
      -0.121049,
      -0.132234,
      -0.062376,
      -0.006833,
      0.091075,
      0.025294,
      -0.023888,
      0.038598,
      -0.084947,
      -0.121877,
      0.023064,
      0.019594,
      0.038197,
      -0.07119,
      -0.031843,
      0.061329,
      -0.018114,
      -0.082304,
      0.015678,
      -0.059906,
      0.050601,
      -0.105045,
      0.07399,
      0.010178,
      0.076824,
      0.081204,
      0.037806,
      -0.071301,
      -0.091305,
      0.020658,
      0.208077,
      -0.025955,
      0.065144,
      0.013341,
      -0.015199,
      0.017154,
      -0.010992,
      0.147962,
      -0.052439,
      0.018267,
      0.009874,
      -0.058484,
      -0.044661,
      -0.035132,
      -0.009233,
      0.036182,
      0.036161,
      -0.005214,
      0.035948,
      -0.107745,
      0.004088,
      -0.001728,
      -0.050368,
      0.01725,
      0.035861,
      0.034031,
      0.14364,
      0.087787,
      0.061237,
      0.061508,
      -0.009119,
      0.044467,
      0.009713,
      -0.076646,
      0.10628,
      0.010725,
      -0.01152,
      -0.013993,
      0.089954,
      -0.062725,
      0.095314,
      -0.063909,
      -0.034764,
      -0.095142,
      0.057871,
      0.191916,
      -0.041491,
      -0.048321,
      -0.054944,
      0.056425,
      -0.091283,
      -0.030436,
      0.026392,
      0.05399,
      0.099543,
      -0.009459,
      -0.129811,
      0.016173,
      -0.015731,
      -0.126348,
      0.012695,
      0.084926,
      0.094087,
      0.089552,
      0.039781,
      -0.153537,
      -0.009149,
      0.070184,
      0.031751,
      -0.06997,
      -0.012546,
      -0.001402,
      -0.031785,
      -0.085431,
      -0.093434,
      0.003886,
      -0.007278,
      -0.115299,
      -0.015567,
      0.294144,
      -0.004939,
      -0.013088,
      0.102039,
      -0.038488,
      0.008638,
      -0.003315,
      -0.097678,
      0.061211,
      -0.029931,
      0.020148,
      -0.093082,
      -0.082112,
      0.062437,
      -0.01068,
      0.027498,
      -0.085222,
      0.071636,
      0.008884,
      -0.065724,
      -0.024875,
      0.00875,
      0.031416,
      0.076719,
      0.092854,
      -0.012341,
      0.105225,
      -0.005302,
      0.15879,
      0.115819,
      0.194027,
      -0.068756,
      -0.023029,
      0.147044,
      -0.039581,
      0.024554,
      -0.274446,
      0.091926,
      0.494103,
      0.116082,
      -0.038947,
      -0.024287,
      -0.018655,
      0.05811,
      0.040326,
      0.016053,
      -0.010445,
      -0.095013,
      -0.013121,
      0.08105,
      0.00597,
      0.006848,
      -0.071853,
      0.015284,
      -0.049468,
      0.044023,
      0.048325,
      -0.000798,
      0.016557,
      -0.053213,
      0.040736,
      -0.176091,
      -0.097052,
      -0.009943,
      0.06802,
      0.073889,
      -0.027089,
      -0.145417,
      0.051814,
      0.090037,
      0.081851,
      0.014075,
      0.024845,
      -0.161596,
      0.056666,
      0.043106,
      0.105809,
      0.081847,
      0.151653,
      0.085236,
      0.026533,
      0.094403,
      0.026614,
      0.036205,
      0.01464,
      -0.050079,
      -0.077232,
      -0.000708,
      -0.088951,
      -0.048844,
      -0.052042,
      -0.093588,
      0.02493,
      0.159608,
      -0.012612,
      -0.038126,
      0.041147,
      -0.048522,
      0.022285,
      0.014984,
      0.057967,
      -0.087221,
      0.135615,
      0.150337,
      0.102495,
      0.033148,
      0.03281,
      0.008236,
      -0.065831,
      -0.077832,
      0.042367,
      -0.020557,
      0.06848,
      0.002016,
      0.045925,
      -0.017861,
      -0.107083,
      -0.031126,
      0.094967,
      0.099355,
      0.146618,
      -0.076989,
      0.028375,
      -0.037059,
      -0.023004,
      -0.067388,
      0.108824,
      0.096136,
      -0.031247,
      0.044305,
      0.05186,
      0.144157,
      -0.116544,
      0.111301,
      0.067169,
      0.003686,
      -0.115877,
      -0.059997,
      -0.113776,
      0.138453,
      -0.020565,
      0.029817,
      -0.042991,
      0.040924,
      -0.004597,
      0.068984,
      0.102444,
      -0.048761,
      0.069499,
      -0.10528,
      -0.016616,
      -0.019637,
      0.055323,
      0.134531,
      0.040291,
      0.04656,
      0.199544,
      0.032276,
      -0.062366,
      -0.019744,
      -0.033838,
      -0.039905,
      -0.052137,
      -0.038653,
      0.030227,
      0.288405,
      0.041013,
      0.093916,
      0.020856,
      0.093716,
      0.034247,
      0.059021,
      -0.031005,
      -0.011628,
      -0.158993,
      -0.031011,
      -0.014184,
      0.020508,
      -0.000213,
      0.059785,
      -0.007755,
      0.033926,
      -0.049173,
      0.058341,
      0.06546,
      0.081201,
      0.051893,
      0.166011,
      0.02188,
      -0.012742,
      0.016641,
      -0.088223,
      -0.220923,
      -0.0265,
      0.035924,
      0.066911,
      0.046175,
      0.073966,
      0.092161,
      0.043839,
      0.063328,
      -0.016156,
      -0.005484,
      0.010915,
      -0.023493,
      -0.042565,
      -0.013753,
      0.153589,
      0.066667,
      0.104912,
      0.039445,
      0.076089,
      0.072001,
      0.017895,
      0.045257,
      0.074237,
      0.05235,
      0.036748,
      -0.142859,
      0.063972,
      -0.088276,
      -0.059408,
      0.149032,
      -0.135248,
      -0.015537,
      0.009093,
      -0.015565,
      0.001452,
      0.041981,
      -0.09946,
      -0.072941,
      -0.018564,
      0.083855,
      0.028856,
      0.052594,
      -0.036511,
      -0.045182,
      0.085418,
      0.036728,
      0.053076,
      -0.064733,
      -0.059374,
      0.031846,
      0.098699,
      0.003576,
      0.04632,
      0.077634,
      -0.040181,
      0.000583,
      0.059037,
      0.018359,
      0.083324,
      0.068336,
      0.094409,
      0.035618,
      0.085404,
      -0.07596,
      0.121774,
      -0.015913,
      -0.012797,
      0.073197,
      -0.124154,
      -0.176818,
      0.050638,
      -0.076271,
      -0.081886,
      0.028886,
      -0.019773,
      -0.057025,
      -0.019282,
      0.024206,
      -0.003244,
      0.086584,
      -0.056044,
      -0.007179,
      -0.014976,
      -0.091183,
      -0.183852,
      0.053047,
      0.016836,
      -0.007826,
      -0.035401,
      0.061581,
