{
  "horizon": "63d",
  "mean_ic": -0.004640604330625963,
  "ic_ir": -0.06616116941437432,
  "pct_positive_dates": 0.49387755102040815,
  "n_dates": 490,
  "bootstrap": {
    "n": 490,
    "block_size": 8,
    "n_resamples": 2000,
    "mean": -0.004641,
    "ci_low": -0.012368,
    "ci_high": 0.003911,
    "p_value_ge_0": 0.86
  },
  "date_level": {
    "n_dates": 490,
    "mean_excess": -0.004641,
    "pct_dates_positive": 0.4939,
    "t_stat": -1.4645399160678396,
    "t_pvalue": 0.9282,
    "wilcoxon_pvalue": 0.8964,
    "sign_test_pvalue": 0.6241,
    "per_date_excess": [
      0.03203,
      -0.066979,
      -0.028616,
      0.124174,
      0.018618,
      -0.055677,
      0.043608,
      -0.006934,
      -0.157869,
      -0.091234,
      -0.082104,
      -0.042042,
      0.039159,
      0.01433,
      0.062641,
      0.077455,
      -0.030806,
      -0.1265,
      0.023173,
      -0.018055,
      0.018527,
      -0.055922,
      -0.084202,
      -0.068754,
      -0.135353,
      -0.046915,
      0.01719,
      -0.048483,
      -0.117633,
      -0.117171,
      -0.024089,
      0.106157,
      0.134072,
      0.037486,
      -0.0469,
      0.017392,
      0.088441,
      -0.012955,
      0.094001,
      -0.024665,
      -0.039612,
      -0.092541,
      0.115241,
      -0.019443,
      0.00788,
      -0.170598,
      0.019971,
      0.018407,
      0.024312,
      0.076485,
      0.065286,
      -0.030705,
      0.033305,
      0.007807,
      0.015284,
      0.075845,
      -0.028187,
      -0.113692,
      0.05788,
      0.089328,
      -0.034147,
      -0.023427,
      -0.0792,
      -0.093674,
      -0.061541,
      0.094065,
      0.028506,
      0.018529,
      -0.012872,
      0.092505,
      -0.013616,
      0.013247,
      -0.121219,
      -0.075776,
      -0.095231,
      -0.051718,
      0.033976,
      -0.061259,
      -0.031435,
      0.0203,
      -0.006049,
      0.025306,
      -0.025964,
      0.030695,
      0.02269,
      0.07381,
      0.075079,
      0.004922,
      -0.037394,
      -0.002384,
      -0.000398,
      0.06324,
      -0.018476,
      0.034595,
      0.035024,
      -0.035949,
      -0.098779,
      -0.032499,
      0.038307,
      0.046885,
      0.035588,
      0.051697,
      -0.087897,
      -0.138636,
      0.012034,
      0.000671,
      0.132504,
      0.077509,
      -0.033005,
      -0.060159,
      -0.096386,
      0.011624,
      0.012465,
      -0.055365,
      -0.040088,
      -0.036058,
      -0.002805,
      -0.012207,
      0.075917,
      0.032766,
      0.006322,
      0.044185,
      0.043287,
      -0.137158,
      -0.04682,
      0.057282,
      0.054999,
      0.002018,
      -0.045899,
      -0.090536,
      -0.012308,
      -0.020114,
      -0.058141,
      -0.230114,
      -0.106674,
      0.041804,
      0.175635,
      0.014761,
      -0.032148,
      -0.132485,
      -0.102386,
      -0.194793,
      -0.078002,
      -0.027714,
      -0.025826,
      -0.016033,
      0.075623,
      0.055164,
      0.045061,
      0.019523,
      -0.104363,
      0.033293,
      0.06005,
      0.087793,
      0.123035,
      -0.060125,
      0.012065,
      0.032737,
      0.07535,
      -0.000165,
      -0.015938,
      0.031106,
      0.000333,
      0.028351,
      -0.05272,
      -0.067841,
      -0.040762,
      -0.033465,
      -0.168904,
      -0.105169,
      0.044944,
      0.053081,
      -0.078271,
      0.071595,
      -0.018007,
      0.021132,
      0.051473,
      -0.030982,
      0.115298,
      -0.032684,
      0.017345,
      -0.064883,
      -0.007837,
      0.08802,
      -0.045945,
      -0.021831,
      -0.074904,
      -0.025443,
      -0.049361,
      -0.068681,
      0.016974,
      0.028037,
      0.02838,
      0.06264,
      0.070276,
      -0.036934,
      0.093216,
      -0.037025,
      -0.027798,
      0.048575,
      -0.051165,
      -0.052683,
      0.058075,
      0.036255,
      -0.034827,
      0.076653,
      -0.109637,
      0.112742,
      0.327746,
      0.065446,
      -0.009336,
      0.002882,
      -0.08478,
      0.054844,
      0.018234,
      0.044531,
      -0.008754,
      0.002821,
      0.0062,
      -0.023875,
      0.071046,
      0.035282,
      -0.062635,
      -0.067056,
      0.070957,
      -0.045264,
      -0.057265,
      0.037642,
      -0.015998,
      -0.066816,
      0.02782,
      -0.139338,
      -0.050846,
      -0.02033,
      -0.054977,
      -0.000824,
      -0.092663,
      -0.099133,
      0.052626,
      -0.108185,
      -0.055798,
      0.196856,
      0.021982,
      -0.128887,
      0.073218,
      0.134814,
      0.14171,
      0.062073,
      0.113358,
      0.082065,
      0.130067,
      0.152026,
      0.04265,
      0.04026,
      -0.02877,
      0.051295,
      0.088077,
      -0.033891,
      -0.103147,
      -0.075975,
      -0.037299,
      -0.127087,
      0.026789,
      0.049412,
      -0.005903,
      -0.081364,
      0.01132,
      -0.060359,
      -0.032665,
      -0.079984,
      -0.067344,
      -0.041245,
      0.008069,
      0.052381,
      0.01959,
      -0.139509,
      0.068028,
      0.062172,
      -0.064381,
      -0.114898,
      -0.061814,
      -0.051475,
      -0.007558,
      -0.001982,
      0.059583,
      -0.097858,
      -0.072794,
      -0.065545,
      0.017405,
      0.041216,
      0.086841,
      0.032405,
      0.027098,
      0.028181,
      0.014912,
      0.040675,
      0.05037,
      0.144465,
      0.130443,
      -0.016021,
      0.057786,
      0.171645,
      -0.116125,
      0.051634,
      -0.084023,
      0.072593,
      -0.163417,
      -0.047159,
      0.021106,
      -0.029075,
      -0.052375,
      -0.00179,
      -0.055478,
      -0.001263,
      -0.081188,
      0.070893,
      0.000167,
      0.043667,
      0.029672,
      0.07911,
      -0.103307,
      0.002743,
      0.035497,
      0.026035,
      0.071008,
      0.031119,
      0.017288,
      0.025524,
      -0.003304,
      -0.020957,
      -0.001297,
      0.005791,
      0.024291,
      -0.060736,
      0.039821,
      0.041489,
      0.077983,
      0.014309,
      -0.090334,
      -0.084781,
      0.014393,
      0.057355,
      0.008728,
      -0.049858,
      -0.077062,
      -0.053959,
      0.010623,
      0.075866,
      0.031996,
      0.04949,
      -0.068446,
      0.053103,
      -0.067792,
      -0.040571,
      0.041154,
      0.04186,
      -0.022471,
      -0.025013,
      0.000903,
      -0.00381,
      -0.058561,
      -0.005661,
      -0.104367,
      -0.083078,
      -0.075135,
      0.006015,
      0.069834,
      0.008711,
      0.031559,
      0.029395,
      0.131319,
      -0.065342,
      -0.012822,
      -0.020781,
      -0.062879,
      -0.094419,
      -0.026039,
      0.051094,
      0.055199,
      0.02572,
      0.042565,
      0.098904,
      0.066748,
      0.081522,
      0.075655,
      0.052716,
      -0.092177,
      0.041068,
      -0.063264,
      0.085148,
      -0.011521,
      -0.039489,
      0.108768,
      -0.093663,
      -0.045305,
      0.038122,
      0.001707,
      0.023507,
      -0.018664,
      -0.104528,
      -0.078403,
      -0.042955,
      0.068541,
      0.136522,
      0.036523,
      0.040227,
      0.02454,
      -0.076133,
      -0.039818,
      -0.018777,
      -0.028505,
      -0.067263,
      0.07105,
      0.008061,
      -0.021907,
      -0.030249,
      -0.096019,
      -0.018652,
      -0.004372,
      0.019813,
      0.114339,
      0.073346,
      0.027549,
      0.105513,
      0.051355,
      0.053473,
      -0.227663,
      -0.012024,
      -0.044,
      -0.042657,
      0.098393,
      -0.131775,
      -0.112907,
      -0.004971,
      -0.152178,
      -0.105535,
      0.020503,
      0.009743,
      0.058695,
      0.022372,
      0.003716,
      0.026651,
      -0.009343,
      0.00979,
      0.052603,
      0.032402,
      0.044566,
      0.02138,
      0.052446,
      -0.00201,
      -0.044346,
      -0.059394,
