{
  "correlation_with_spy": {
    "mean": 0.01541778421960771,
    "std": 0.007453246050555458,
    "min": 0.005867520347237587,
    "max": 0.02415010705590248,
    "cv": 0.4834187548867575
  },
  "return_1d": {
    "mean": 0.01062597898999229,
    "std": 0.015673877027995668,
    "min": 0.0,
    "max": 0.037630967795848846,
    "cv": 1.4750525144796132
  },
  "obv_trend": {
    "mean": 0.00889733899384737,
    "std": 0.0154106431895074,
    "min": 0.0,
    "max": 0.03558935597538948,
    "cv": 1.7320508075688772
  },
  "return_5d": {
    "mean": 0.00602844417153392,
    "std": 0.010272681950880573,
    "min": 0.0,
    "max": 0.02382003888487816,
    "cv": 1.7040353461989048
  },
  "drawdown_from_ath": {
    "mean": 0.0047892985821818,
    "std": 0.005748929769619045,
    "min": 0.0001459847262594849,
    "max": 0.014634691178798676,
    "cv": 1.200369881094379
  },
  "price_vs_sma20": {
    "mean": 0.002187871565183741,
    "std": 0.002798008892337368,
    "min": 0.0,
    "max": 0.0068495809100568295,
    "cv": 1.2788725521474504
  },
  "macd": {
    "mean": 0.0019283512638139655,
    "std": 0.0017999621385128258,
    "min": 4.516145054367371e-05,
    "max": 0.004146885592490435,
    "cv": 0.9334202602449064
  },
  "sma20_vs_sma50": {
    "mean": 0.0009777562518138438,
    "std": 0.0009983665329637021,
    "min": 0.0,
    "max": 0.002240919042378664,
    "cv": 1.0210791606922727
  },
  "stochastic_d": {
    "mean": 0.000907060137251392,
    "std": 0.0011720676813123101,
    "min": 0.0,
    "max": 0.0028638674411922693,
    "cv": 1.292160941901773
  },
  "macd_histogram": {
    "mean": 0.0006827285906183533,
    "std": 0.00023996061876213823,
    "min": 0.0003254206676501781,
    "max": 0.0009673446184024215,
    "cv": 0.35147293091212684
  },
  "volatility_20d": {
    "mean": 0.0004551109013846144,
    "std": 0.0006448430067696363,
    "min": 0.0,
    "max": 0.001566195860505104,
    "cv": 1.4168920252355792
  },
  "relative_strength_vs_peers": {
    "mean": 0.00013597446377389133,
    "std": 0.00023551467978831354,
    "min": 0.0,
    "max": 0.0005438978550955653,
    "cv": 1.7320508075688774
  },
  "rsi_14": {
    "mean": 0.00010280821152264252,
    "std": 0.00017806904579250493,
    "min": 0.0,
    "max": 0.0004112328460905701,
    "cv": 1.7320508075688772
  },
  "macd_signal": {
    "mean": 7.910186559456633e-05,
    "std": 0.00010525237177666937,
    "min": 0.0,
    "max": 0.000256396975601092,
    "cv": 1.3305927867256189
  },
  "volume_ratio_20d": {
    "mean": 7.377345355052967e-05,
    "std": 0.00010255617582418122,
    "min": 0.0,
    "max": 0.0002482965646777302,
    "cv": 1.390150127022824
  },
  "return_6m": {
    "mean": 7.15928035788238e-05,
    "std": 0.00012400237325482178,
    "min": 0.0,
    "max": 0.0002863712143152952,
    "cv": 1.7320508075688774
  },
  "price_vs_sma50": {
    "mean": 3.720865879586199e-05,
    "std": 4.514734972338251e-05,
    "min": 0.0,
    "max": 0.00011057803931180388,
    "cv": 1.2133560086396713
  },
  "dxy_strength": {
    "mean": 0.0,
    "std": 0.0,
    "min": 0.0,
    "max": 0.0,
    "cv": 0.0
  },
  "earnings_surprise_last": {
    "mean": 0.0,
    "std": 0.0,
    "min": 0.0,
    "max": 0.0,
    "cv": 0.0
  },
  "earnings_surprise_streak": {
    "mean": 0.0,
    "std": 0.0,
    "min": 0.0,
    "max": 0.0,
    "cv": 0.0
  },
  "institutional_ownership_change": {
    "mean": 0.0,
    "std": 0.0,
    "min": 0.0,
    "max": 0.0,
    "cv": 0.0
  },
  "iv_rank_percentile": {
    "mean": 0.0,
    "std": 0.0,
    "min": 0.0,
    "max": 0.0,
    "cv": 0.0
  },
  "iv_skew_25d": {
    "mean": 0.0,
    "std": 0.0,
    "min": 0.0,
    "max": 0.0,
    "cv": 0.0
  },
  "large_block_trades_count": {
    "mean": 0.0,
    "std": 0.0,
    "min": 0.0,
    "max": 0.0,
    "cv": 0.0
  },
  "market_cap_quintile": {
    "mean": 0.0,
    "std": 0.0,
    "min": 0.0,
    "max": 0.0,
    "cv": 0.0
  },
  "options_volume_vs_stock_volume": {
    "mean": 0.0,
    "std": 0.0,
    "min": 0.0,
    "max": 0.0,
    "cv": 0.0
  },
  "pe_vs_sector_median": {
    "mean": 0.0,
    "std": 0.0,
    "min": 0.0,
    "max": 0.0,
    "cv": 0.0
  },
  "price_vs_52w_high": {
    "mean": 0.0,
    "std": 0.0,
    "min": 0.0,
    "max": 0.0,
    "cv": 0.0
  },
  "price_vs_52w_low": {
    "mean": 0.0,
    "std": 0.0,
    "min": 0.0,
    "max": 0.0,
    "cv": 0.0
  },
  "put_call_ratio": {
    "mean": 0.0,
    "std": 0.0,
    "min": 0.0,
    "max": 0.0,
    "cv": 0.0
  },
  "return_12m": {
    "mean": 0.0,
    "std": 0.0,
    "min": 0.0,
    "max": 0.0,
    "cv": 0.0
  },
  "return_20d": {
    "mean": 0.0,
    "std": 0.0,
    "min": 0.0,
    "max": 0.0,
    "cv": 0.0
  },
  "revenue_growth_yoy": {
    "mean": 0.0,
    "std": 0.0,
    "min": 0.0,
    "max": 0.0,
    "cv": 0.0
  },
  "sector_etf_return_5d": {
    "mean": 0.0,
    "std": 0.0,
    "min": 0.0,
    "max": 0.0,
    "cv": 0.0
  },
  "sector_relative_strength_6m": {
    "mean": 0.0,
    "std": 0.0,
    "min": 0.0,
    "max": 0.0,
    "cv": 0.0
  },
  "short_interest_change_5d": {
    "mean": 0.0,
    "std": 0.0,
    "min": 0.0,
    "max": 0.0,
    "cv": 0.0
  },
  "short_interest_ratio": {
    "mean": 0.0,
    "std": 0.0,
    "min": 0.0,
    "max": 0.0,
    "cv": 0.0
  },
  "spy_momentum_20d": {
    "mean": 0.0,
    "std": 0.0,
    "min": 0.0,
    "max": 0.0,
    "cv": 0.0
  },
  "stochastic_k": {
    "mean": 0.0,
    "std": 0.0,
    "min": 0.0,
    "max": 0.0,
    "cv": 0.0
  },
  "stock_vs_sector": {
    "mean": 0.0,
    "std": 0.0,
    "min": 0.0,
    "max": 0.0,
    "cv": 0.0
  },
  "treasury_10y_direction": {
    "mean": 0.0,
    "std": 0.0,
    "min": 0.0,
    "max": 0.0,
    "cv": 0.0
  },
  "unusual_options_volume": {
    "mean": 0.0,
    "std": 0.0,
    "min": 0.0,
    "max": 0.0,
    "cv": 0.0
  },
  "vix_level": {
    "mean": 0.0,
    "std": 0.0,
    "min": 0.0,
    "max": 0.0,
    "cv": 0.0
  },
  "volatility_regime": {
    "mean": 0.0,
    "std": 0.0,
    "min": 0.0,
    "max": 0.0,
    "cv": 0.0
  },
  "yield_curve_slope": {
    "mean": 0.0,
    "std": 0.0,
    "min": 0.0,
    "max": 0.0,
    "cv": 0.0
  }
}